Ogórek;?liwka ;12,34;Marchewka
Ogórek;?liwka ;12,34;Marchewka
Ogórek;?liwka ;12,34;Marchewka
Ogórek;?liwka ;12,34;Marchewka
Ogórek;?liwka ;12,34;Marchewka
Ogórek;?liwka ;12,34;Marchewka
Ogórek;?liwka ;12,34;Marchewka
Ogórek;?liwka ;12,34;Marchewka
Ogórek;?liwka ;12,34;Marchewka
Ogórek;?liwka ;12,34;Marchewka
Ogórek;?liwka ;12,34;Marchewka
Ogórek;?liwka ;12,34;Marchewka
Ogórek;?liwka ;12,34;Marchewka
Ogórek;?liwka ;12,34;Marchewka
Ogórek;?liwka ;12,34;Marchewka
Ogórek;?liwka ;12,34;Marchewka
Ogórek;?liwka ;12,34;Marchewka
Ogórek;?liwka ;12,34;Marchewka
Ogórek;?liwka ;12,34;Marchewka
Ogórek;?liwka ;12,34;Marchewka
Ogórek;?liwka ;12,34;Marchewka
Ogórek;?liwka ;12,34;Marchewka
Ogórek;?liwka ;12,34;Marchewka
Ogórek;?liwka ;12,34;Marchewka
Ogórek;?liwka ;12,34;Marchewka
Ogórek;?liwka ;12,34;Marchewka
